jurisdiction,form_number,form_code,title,category,pdf_type,field_count,pages,status
ON,Form 10,form10,Answer,response,acroform,77,5,active
ON,Form 13,form13,Financial Statement (Support Claims),financial,acroform,130,8,active
ON,Form 13.1,form13_1,Financial Statement (Property and Support),financial,acroform,319,10,active
ON,Form 13B,form13b,Net Family Property Statement,financial,acroform,193,3,active
ON,Form 14,form14,Notice of Motion,motion,acroform,16,2,active
ON,Form 14A,form14a,Affidavit (Motion),affidavit,acroform,23,2,active
ON,Form 14B,form14b,Motion Form,motion,acroform,26,3,active
ON,Form 14C,form14c,Confirmation of Motion,motion,acroform,43,2,active
ON,Form 15,form15,Motion to Change,motion-to-change,acroform,140,8,active
ON,Form 15B,form15b,Response to Motion to Change,motion-to-change,acroform,118,7,active
ON,Form 15C,form15c,Consent Motion to Change,motion-to-change,acroform,157,5,active
ON,Form 17,form17,Conference Notice,conference,acroform,21,1,active
ON,Form 17E,form17e,Trial Management Conference Brief,conference,acroform,142,5,active
ON,Form 17F,form17f,Confirmation of Conference,conference,acroform,49,2,active
ON,Form 23C,form23c,Affidavit (Divorce),divorce,acroform,112,6,active
ON,Form 25,form25,Order (General),order,acroform,17,2,active
ON,Form 25A,form25a,Divorce Order,divorce,acroform,25,2,active
ON,Form 25F,form25f,Support Order,order,acroform,32,2,active
ON,Form 25G,form25g,Restraining Order,order,acroform,36,2,active
ON,Form 30A,form30a,Request for Default Hearing,enforcement,acroform,18,1,active
ON,Form 35.1,form35_1,Affidavit in Support of Claim re Parenting,parenting,acroform,241,8,active
ON,Form 36,form36,Affidavit for Divorce,divorce,acroform,76,4,active
ON,Form 36B,form36b,Certificate of Divorce,divorce,acroform,18,1,active
ON,Form 4,form4,Affidavit (General),affidavit,acroform,18,2,active
ON,Form 6B,form6b,Affidavit of Service,service,acroform,96,3,active
ON,Form 8,form8,Application (General),application,acroform,156,6,active
